HmiTagPrefix,CmNo,ValveTag,Location,Function
V001,CM25,11-020-A1,"DB tank","Filling"
V002,CM26,11-021-A1,"DB tank","Suction"
V003,CM50,11-008-A1,"Main line","Isolation"
V004,CM51,11-009-A1,"Aft peak C","Isolation"
V005,CM52,11-010-A1,"Aft peak","Isolation"
V006,CM53,11-060-A1,"Aft peak P","Tank suction"
V007,CM54,11-061-A1,"Aft peak S","Tank suction"
V008,CM55,11-024-A2,"DB tank","Filling"
V009,CM56,11-025-A2,"DB tank","Suction"
V010,CM57,11-028-A1,"DB tank","Suction"
V011,CM58,11-029-A1,"DB tank","Filling"
V012,CM59,11-022-A2,"DB tank","Suction"
V013,CM60,11-023-A2,"DB tank","Filling"
V014,CM67,11-001-A2,"Cross line","Isolation"
V015,CM68,11-004-A1,"Cross line","Isolation"
V016,CM69,11-002-A2,"Pump 2","Isolation"
V017,CM70,11-002-A4,"Pump 2","Isolation"
V018,CM71,11-005-A1,"Main line","Distribution"
V019,CM72,11-006-A1,"Pump 2","Suction"
V020,CM78,11-011-A1,"Pump 1","Discharge"
V021,CM79,11-011-A3,"Bilge tie","Cross connect"
V022,CM80,11-011-A4,"Bilge system tie","Isolation"
V023,CM81,11-012-A1,"Pump 2 discharge","Isolation"
V024,CM82,11-012-A3,"Pump 2 discharge","Isolation"
V025,CM83,11-015-A1,"Tank branch","Isolation"
V026,CM84,11-016-A1,"Main line","Isolation"
V027,CM85,11-003-A1,"Cross line","Isolation"
V028,CM01,10-041-A1,"Bow thruster room","Bilge suction"
V029,CM02,10-017-A1,"Hold 4","Bilge suction"
V030,CM03,10-018-A1,"Hold 4","Bilge suction"
V031,CM04,10-021-A1,"Hold 3","Bilge suction"
V032,CM05,10-022-A1,"Hold 3","Bilge suction"
V033,CM06,10-007-A1,"ER","Suction"
V034,CM07,10-009-A1,"ER/Pipe void","Isolation"
V035,CM08,10-012-A1,"Pipe void aft","Isolation"
V036,CM09,10-001-A1,"Engine Room","Suction"
V037,CM10,10-002-A1,"Engine Room","Main suction"
V038,CM11,10-025-A1,"Hold 2","Bilge suction"
V039,CM12,10-026-A1,"Hold 2","Bilge suction"
V040,CM13,10-034-A1,"Hold 1","Bilge suction"
V041,CM14,10-035-A1,"Hold 1","Bilge suction"
V042,CM15,10-003-A1,"ER","Suction"
V043,CM16,10-004-A1,"Pump suction","Isolation"
V044,CM17,10-005-A1,"ER","Suction"
V045,CM18,10-001-A2,"Void Deck","Bilge suction"
V046,CM19,10-013-A1,"Pipe void aft","Isolation"
V047,CM20,10-010-A1,"Hold 5","Bilge suction"
V048,CM21,10-011-A1,"Hold 5","Bilge suction"
V049,CM23,10-046-A1,"Discharge","Isolation"
V050,CM24,10-047-A2,"Discharge","Isolation"
V051,CM94,20-023-A1,"Fire main","Isolation"
V052,CM95,20-025-A1,"Fire line","Fire/Bilge crossover"
V053,CM96,20-022-A1,"Bilge Fire Pump 2","Seawater priming"
V054,CM97,20-024-A1,"Bilge Fire Pump 1","Seawater priming"
V055,CM27,11-030-A1,"TK6 High P","Filling"
V056,CM28,11-031-A1,"Manifold","Suction"
V057,CM29,11-032-A1,"Manifold","Suction"
V058,CM30,11-033-A1,"TK5 Wing P","Filling"
V059,CM31,11-034-A2,"TK4 DB","Filling"
V060,CM32,11-035-A1,"Manifold","Suction"
V061,CM33,11-036-A1,"TK5 DB P","Filling"
V062,CM34,11-037-A1,"Manifold","Suction"
V063,CM35,11-046-A1,"TK3 Wing S","Filling"
V064,CM36,11-047-A2,"Manifold","Suction"
V065,CM37,11-048-A1,"Manifold","Suction"
V066,CM38,11-049-A1,"Manifold","Suction"
V067,CM39,11-050-A1,"TK2 Wing P","Filling"
V068,CM40,11-051-A1,"TK1 DB C","Filling"
V069,CM41,11-052-A1,"Main line","Isolation"
V070,CM42,11-053-A1,"TK2 High C","Filling"
V071,CM43,11-054-A2,"Main line","Isolation"
V072,CM44,11-055-A1,"TK2 Wing S","Filling"
V073,CM45,11-056-A1,"Fwd peak","Filling"
V074,CM46,11-057-A1,"Main line","Isolation"
V075,CM47,11-058-A1,"Fwd peak","Filling"
V076,CM48,11-042-A1,"TK3 Wing P","Filling"
V077,CM49,11-043-A1,"Manifold","Suction"
V078,CM61,11-043-A2,"Manifold","Suction"
V079,CM62,11-041-A2,"TK4 Wing P","Filling"
V080,CM63,11-039-A1,"TK4 Wing S","Filling"
V081,CM64,11-040-A1,"Manifold","Suction"
V082,CM65,11-044-A2,"Manifold","Suction"
V083,CM66,11-045-A2,"TK3 DB","Filling"
V084,CM77,11-014-A1,"Cross line","Isolation"
V085,CM86,11-063-A1,"Cross-over manifold","Isolation"
V086,CM87,11-064-A1,"Cross-over manifold","Isolation"
V087,CM88,11-065-A1,"Cross-over manifold","Isolation"
V088,CM89,11-066-A1,"",""
V089,CM90,11-067-A1,"Cross-over manifold","Isolation"
