Station,Slot,Module,Terminal,Channel,Address,Signal,CMNumber,ValveTag,Description
ET200SP_AFT,1,DI 16x24VDC ST_1,1,1,%I2.0,Open Limit Switch,CM25,11-020-A1,"DB tank, Filling"
ET200SP_AFT,1,DI 16x24VDC ST_1,2,2,%I2.1,Closed Limit Switch,CM25,11-020-A1,"DB tank, Filling"
ET200SP_AFT,1,DI 16x24VDC ST_1,3,3,%I2.2,Healthy,CM25,11-020-A1,"DB tank, Filling"
ET200SP_AFT,1,DI 16x24VDC ST_1,4,4,%I2.3,Local/Remote,CM25,11-020-A1,"DB tank, Filling"
ET200SP_AFT,1,DI 16x24VDC ST_1,5,5,%I2.4,Open Limit Switch,CM26,11-021-A1,"DB tank, Suction"
ET200SP_AFT,1,DI 16x24VDC ST_1,6,6,%I2.5,Closed Limit Switch,CM26,11-021-A1,"DB tank, Suction"
ET200SP_AFT,1,DI 16x24VDC ST_1,7,7,%I2.6,Healthy,CM26,11-021-A1,"DB tank, Suction"
ET200SP_AFT,1,DI 16x24VDC ST_1,8,8,%I2.7,Local/Remote,CM26,11-021-A1,"DB tank, Suction"
ET200SP_AFT,1,DI 16x24VDC ST_1,9,9,%I3.0,Open Limit Switch,CM50,11-008-A1,"Main line, Isolation"
ET200SP_AFT,1,DI 16x24VDC ST_1,10,10,%I3.1,Closed Limit Switch,CM50,11-008-A1,"Main line, Isolation"
ET200SP_AFT,1,DI 16x24VDC ST_1,11,11,%I3.2,Healthy,CM50,11-008-A1,"Main line, Isolation"
ET200SP_AFT,1,DI 16x24VDC ST_1,12,12,%I3.3,Local/Remote,CM50,11-008-A1,"Main line, Isolation"
ET200SP_AFT,1,DI 16x24VDC ST_1,13,13,%I3.4,Open Limit Switch,CM51,11-009-A1,"Aft peak C, Isolation"
ET200SP_AFT,1,DI 16x24VDC ST_1,14,14,%I3.5,Closed Limit Switch,CM51,11-009-A1,"Aft peak C, Isolation"
ET200SP_AFT,1,DI 16x24VDC ST_1,15,15,%I3.6,Healthy,CM51,11-009-A1,"Aft peak C, Isolation"
ET200SP_AFT,1,DI 16x24VDC ST_1,16,16,%I3.7,Local/Remote,CM51,11-009-A1,"Aft peak C, Isolation"
ET200SP_AFT,2,DI 16x24VDC ST_2,1,17,%I4.0,Open Limit Switch,CM52,11-010-A1,"Aft peak, Isolation"
ET200SP_AFT,2,DI 16x24VDC ST_2,2,18,%I4.1,Closed Limit Switch,CM52,11-010-A1,"Aft peak, Isolation"
ET200SP_AFT,2,DI 16x24VDC ST_2,3,19,%I4.2,Healthy,CM52,11-010-A1,"Aft peak, Isolation"
ET200SP_AFT,2,DI 16x24VDC ST_2,4,20,%I4.3,Local/Remote,CM52,11-010-A1,"Aft peak, Isolation"
ET200SP_AFT,2,DI 16x24VDC ST_2,5,21,%I4.4,Open Limit Switch,CM53,11-060-A1,"Aft peak P, Tank suction"
ET200SP_AFT,2,DI 16x24VDC ST_2,6,22,%I4.5,Closed Limit Switch,CM53,11-060-A1,"Aft peak P, Tank suction"
ET200SP_AFT,2,DI 16x24VDC ST_2,7,23,%I4.6,Healthy,CM53,11-060-A1,"Aft peak P, Tank suction"
ET200SP_AFT,2,DI 16x24VDC ST_2,8,24,%I4.7,Local/Remote,CM53,11-060-A1,"Aft peak P, Tank suction"
ET200SP_AFT,2,DI 16x24VDC ST_2,9,25,%I5.0,Open Limit Switch,CM54,11-061-A1,"Aft peak S, Tank suction"
ET200SP_AFT,2,DI 16x24VDC ST_2,10,26,%I5.1,Closed Limit Switch,CM54,11-061-A1,"Aft peak S, Tank suction"
ET200SP_AFT,2,DI 16x24VDC ST_2,11,27,%I5.2,Healthy,CM54,11-061-A1,"Aft peak S, Tank suction"
ET200SP_AFT,2,DI 16x24VDC ST_2,12,28,%I5.3,Local/Remote,CM54,11-061-A1,"Aft peak S, Tank suction"
ET200SP_AFT,2,DI 16x24VDC ST_2,13,29,%I5.4,Open Limit Switch,CM55,11-024-A2,"DB tank, Filling"
ET200SP_AFT,2,DI 16x24VDC ST_2,14,30,%I5.5,Closed Limit Switch,CM55,11-024-A2,"DB tank, Filling"
ET200SP_AFT,2,DI 16x24VDC ST_2,15,31,%I5.6,Healthy,CM55,11-024-A2,"DB tank, Filling"
ET200SP_AFT,2,DI 16x24VDC ST_2,16,32,%I5.7,Local/Remote,CM55,11-024-A2,"DB tank, Filling"
ET200SP_AFT,3,DI 16x24VDC ST_3,1,33,%I6.0,Open Limit Switch,CM56,11-025-A2,"DB tank, Suction"
ET200SP_AFT,3,DI 16x24VDC ST_3,2,34,%I6.1,Closed Limit Switch,CM56,11-025-A2,"DB tank, Suction"
ET200SP_AFT,3,DI 16x24VDC ST_3,3,35,%I6.2,Healthy,CM56,11-025-A2,"DB tank, Suction"
ET200SP_AFT,3,DI 16x24VDC ST_3,4,36,%I6.3,Local/Remote,CM56,11-025-A2,"DB tank, Suction"
ET200SP_AFT,3,DI 16x24VDC ST_3,5,37,%I6.4,Open Limit Switch,CM57,11-028-A1,"DB tank, Suction"
ET200SP_AFT,3,DI 16x24VDC ST_3,6,38,%I6.5,Closed Limit Switch,CM57,11-028-A1,"DB tank, Suction"
ET200SP_AFT,3,DI 16x24VDC ST_3,7,39,%I6.6,Healthy,CM57,11-028-A1,"DB tank, Suction"
ET200SP_AFT,3,DI 16x24VDC ST_3,8,40,%I6.7,Local/Remote,CM57,11-028-A1,"DB tank, Suction"
ET200SP_AFT,3,DI 16x24VDC ST_3,9,41,%I7.0,Open Limit Switch,CM58,11-029-A1,"DB tank, Filling"
ET200SP_AFT,3,DI 16x24VDC ST_3,10,42,%I7.1,Closed Limit Switch,CM58,11-029-A1,"DB tank, Filling"
ET200SP_AFT,3,DI 16x24VDC ST_3,11,43,%I7.2,Healthy,CM58,11-029-A1,"DB tank, Filling"
ET200SP_AFT,3,DI 16x24VDC ST_3,12,44,%I7.3,Local/Remote,CM58,11-029-A1,"DB tank, Filling"
ET200SP_AFT,3,DI 16x24VDC ST_3,13,45,%I7.4,Open Limit Switch,CM59,11-022-A2,"DB tank, Suction"
ET200SP_AFT,3,DI 16x24VDC ST_3,14,46,%I7.5,Closed Limit Switch,CM59,11-022-A2,"DB tank, Suction"
ET200SP_AFT,3,DI 16x24VDC ST_3,15,47,%I7.6,Healthy,CM59,11-022-A2,"DB tank, Suction"
ET200SP_AFT,3,DI 16x24VDC ST_3,16,48,%I7.7,Local/Remote,CM59,11-022-A2,"DB tank, Suction"
ET200SP_AFT,4,DI 16x24VDC ST_4,1,49,%I8.0,Open Limit Switch,CM60,11-023-A2,"DB tank, Filling"
ET200SP_AFT,4,DI 16x24VDC ST_4,2,50,%I8.1,Closed Limit Switch,CM60,11-023-A2,"DB tank, Filling"
ET200SP_AFT,4,DI 16x24VDC ST_4,3,51,%I8.2,Healthy,CM60,11-023-A2,"DB tank, Filling"
ET200SP_AFT,4,DI 16x24VDC ST_4,4,52,%I8.3,Local/Remote,CM60,11-023-A2,"DB tank, Filling"
ET200SP_AFT,4,DI 16x24VDC ST_4,5,53,%I8.4,Open Limit Switch,CM67,11-001-A2,"Cross line, Isolation"
ET200SP_AFT,4,DI 16x24VDC ST_4,6,54,%I8.5,Closed Limit Switch,CM67,11-001-A2,"Cross line, Isolation"
ET200SP_AFT,4,DI 16x24VDC ST_4,7,55,%I8.6,Healthy,CM67,11-001-A2,"Cross line, Isolation"
ET200SP_AFT,4,DI 16x24VDC ST_4,8,56,%I8.7,Local/Remote,CM67,11-001-A2,"Cross line, Isolation"
ET200SP_AFT,4,DI 16x24VDC ST_4,9,57,%I9.0,Open Limit Switch,CM68,11-004-A1,"Cross line, Isolation"
ET200SP_AFT,4,DI 16x24VDC ST_4,10,58,%I9.1,Closed Limit Switch,CM68,11-004-A1,"Cross line, Isolation"
ET200SP_AFT,4,DI 16x24VDC ST_4,11,59,%I9.2,Healthy,CM68,11-004-A1,"Cross line, Isolation"
ET200SP_AFT,4,DI 16x24VDC ST_4,12,60,%I9.3,Local/Remote,CM68,11-004-A1,"Cross line, Isolation"
ET200SP_AFT,4,DI 16x24VDC ST_4,13,61,%I9.4,Open Limit Switch,CM69,11-002-A2,"Pump 2, Isolation"
ET200SP_AFT,4,DI 16x24VDC ST_4,14,62,%I9.5,Closed Limit Switch,CM69,11-002-A2,"Pump 2, Isolation"
ET200SP_AFT,4,DI 16x24VDC ST_4,15,63,%I9.6,Healthy,CM69,11-002-A2,"Pump 2, Isolation"
ET200SP_AFT,4,DI 16x24VDC ST_4,16,64,%I9.7,Local/Remote,CM69,11-002-A2,"Pump 2, Isolation"
ET200SP_AFT,5,DI 16x24VDC ST_5,1,65,%I10.0,Open Limit Switch,CM70,11-002-A4,"Pump 2, Isolation"
ET200SP_AFT,5,DI 16x24VDC ST_5,2,66,%I10.1,Closed Limit Switch,CM70,11-002-A4,"Pump 2, Isolation"
ET200SP_AFT,5,DI 16x24VDC ST_5,3,67,%I10.2,Healthy,CM70,11-002-A4,"Pump 2, Isolation"
ET200SP_AFT,5,DI 16x24VDC ST_5,4,68,%I10.3,Local/Remote,CM70,11-002-A4,"Pump 2, Isolation"
ET200SP_AFT,5,DI 16x24VDC ST_5,5,69,%I10.4,Open Limit Switch,CM71,11-005-A1,"Main line, Distribution"
ET200SP_AFT,5,DI 16x24VDC ST_5,6,70,%I10.5,Closed Limit Switch,CM71,11-005-A1,"Main line, Distribution"
ET200SP_AFT,5,DI 16x24VDC ST_5,7,71,%I10.6,Healthy,CM71,11-005-A1,"Main line, Distribution"
ET200SP_AFT,5,DI 16x24VDC ST_5,8,72,%I10.7,Local/Remote,CM71,11-005-A1,"Main line, Distribution"
ET200SP_AFT,5,DI 16x24VDC ST_5,9,73,%I11.0,Open Limit Switch,CM72,11-006-A1,"Pump 2, Suction"
ET200SP_AFT,5,DI 16x24VDC ST_5,10,74,%I11.1,Closed Limit Switch,CM72,11-006-A1,"Pump 2, Suction"
ET200SP_AFT,5,DI 16x24VDC ST_5,11,75,%I11.2,Healthy,CM72,11-006-A1,"Pump 2, Suction"
ET200SP_AFT,5,DI 16x24VDC ST_5,12,76,%I11.3,Local/Remote,CM72,11-006-A1,"Pump 2, Suction"
ET200SP_AFT,5,DI 16x24VDC ST_5,13,77,%I11.4,Open Limit Switch,CM78,11-011-A1,"Pump 1, Discharge"
ET200SP_AFT,5,DI 16x24VDC ST_5,14,78,%I11.5,Closed Limit Switch,CM78,11-011-A1,"Pump 1, Discharge"
ET200SP_AFT,5,DI 16x24VDC ST_5,15,79,%I11.6,Healthy,CM78,11-011-A1,"Pump 1, Discharge"
ET200SP_AFT,5,DI 16x24VDC ST_5,16,80,%I11.7,Local/Remote,CM78,11-011-A1,"Pump 1, Discharge"
ET200SP_AFT,6,DI 16x24VDC ST_6,1,81,%I12.0,Open Limit Switch,CM79,11-011-A3,"Bilge tie, Cross connect"
ET200SP_AFT,6,DI 16x24VDC ST_6,2,82,%I12.1,Closed Limit Switch,CM79,11-011-A3,"Bilge tie, Cross connect"
ET200SP_AFT,6,DI 16x24VDC ST_6,3,83,%I12.2,Healthy,CM79,11-011-A3,"Bilge tie, Cross connect"
ET200SP_AFT,6,DI 16x24VDC ST_6,4,84,%I12.3,Local/Remote,CM79,11-011-A3,"Bilge tie, Cross connect"
ET200SP_AFT,6,DI 16x24VDC ST_6,5,85,%I12.4,Open Limit Switch,CM80,11-011-A4,"Bilge system tie, Isolation"
ET200SP_AFT,6,DI 16x24VDC ST_6,6,86,%I12.5,Closed Limit Switch,CM80,11-011-A4,"Bilge system tie, Isolation"
ET200SP_AFT,6,DI 16x24VDC ST_6,7,87,%I12.6,Healthy,CM80,11-011-A4,"Bilge system tie, Isolation"
ET200SP_AFT,6,DI 16x24VDC ST_6,8,88,%I12.7,Local/Remote,CM80,11-011-A4,"Bilge system tie, Isolation"
ET200SP_AFT,6,DI 16x24VDC ST_6,9,89,%I13.0,Open Limit Switch,CM81,11-012-A1,"Pump 2 discharge, Isolation"
ET200SP_AFT,6,DI 16x24VDC ST_6,10,90,%I13.1,Closed Limit Switch,CM81,11-012-A1,"Pump 2 discharge, Isolation"
ET200SP_AFT,6,DI 16x24VDC ST_6,11,91,%I13.2,Healthy,CM81,11-012-A1,"Pump 2 discharge, Isolation"
ET200SP_AFT,6,DI 16x24VDC ST_6,12,92,%I13.3,Local/Remote,CM81,11-012-A1,"Pump 2 discharge, Isolation"
ET200SP_AFT,6,DI 16x24VDC ST_6,13,93,%I13.4,Open Limit Switch,CM82,11-012-A3,"Pump 2 discharge, Isolation"
ET200SP_AFT,6,DI 16x24VDC ST_6,14,94,%I13.5,Closed Limit Switch,CM82,11-012-A3,"Pump 2 discharge, Isolation"
ET200SP_AFT,6,DI 16x24VDC ST_6,15,95,%I13.6,Healthy,CM82,11-012-A3,"Pump 2 discharge, Isolation"
ET200SP_AFT,6,DI 16x24VDC ST_6,16,96,%I13.7,Local/Remote,CM82,11-012-A3,"Pump 2 discharge, Isolation"
ET200SP_AFT,7,DI 16x24VDC ST_7,1,97,%I14.0,Open Limit Switch,CM83,11-015-A1,"Tank branch, Isolation"
ET200SP_AFT,7,DI 16x24VDC ST_7,2,98,%I14.1,Closed Limit Switch,CM83,11-015-A1,"Tank branch, Isolation"
ET200SP_AFT,7,DI 16x24VDC ST_7,3,99,%I14.2,Healthy,CM83,11-015-A1,"Tank branch, Isolation"
ET200SP_AFT,7,DI 16x24VDC ST_7,4,100,%I14.3,Local/Remote,CM83,11-015-A1,"Tank branch, Isolation"
ET200SP_AFT,7,DI 16x24VDC ST_7,5,101,%I14.4,Open Limit Switch,CM84,11-016-A1,"Main line, Isolation"
ET200SP_AFT,7,DI 16x24VDC ST_7,6,102,%I14.5,Closed Limit Switch,CM84,11-016-A1,"Main line, Isolation"
ET200SP_AFT,7,DI 16x24VDC ST_7,7,103,%I14.6,Healthy,CM84,11-016-A1,"Main line, Isolation"
ET200SP_AFT,7,DI 16x24VDC ST_7,8,104,%I14.7,Local/Remote,CM84,11-016-A1,"Main line, Isolation"
ET200SP_AFT,7,DI 16x24VDC ST_7,9,105,%I15.0,Open Limit Switch,CM85,11-003-A1,"Cross line, Isolation"
ET200SP_AFT,7,DI 16x24VDC ST_7,10,106,%I15.1,Closed Limit Switch,CM85,11-003-A1,"Cross line, Isolation"
ET200SP_AFT,7,DI 16x24VDC ST_7,11,107,%I15.2,Healthy,CM85,11-003-A1,"Cross line, Isolation"
ET200SP_AFT,7,DI 16x24VDC ST_7,12,108,%I15.3,Local/Remote,CM85,11-003-A1,"Cross line, Isolation"
ET200SP_AFT,7,DI 16x24VDC ST_7,13,109,%I15.4,SPARE / UNUSED,,,
ET200SP_AFT,7,DI 16x24VDC ST_7,14,110,%I15.5,SPARE / UNUSED,,,
ET200SP_AFT,7,DI 16x24VDC ST_7,15,111,%I15.6,SPARE / UNUSED,,,
ET200SP_AFT,7,DI 16x24VDC ST_7,16,112,%I15.7,SPARE / UNUSED,,,
ET200SP_AFT,8,DQ 16x24VDC/0.5A ST_1,1,1,%Q2.0,Open Command,CM25,11-020-A1,"DB tank, Filling"
ET200SP_AFT,8,DQ 16x24VDC/0.5A ST_1,2,2,%Q2.1,Close Command,CM25,11-020-A1,"DB tank, Filling"
ET200SP_AFT,8,DQ 16x24VDC/0.5A ST_1,3,3,%Q2.2,Open Command,CM26,11-021-A1,"DB tank, Suction"
ET200SP_AFT,8,DQ 16x24VDC/0.5A ST_1,4,4,%Q2.3,Close Command,CM26,11-021-A1,"DB tank, Suction"
ET200SP_AFT,8,DQ 16x24VDC/0.5A ST_1,5,5,%Q2.4,Open Command,CM50,11-008-A1,"Main line, Isolation"
ET200SP_AFT,8,DQ 16x24VDC/0.5A ST_1,6,6,%Q2.5,Close Command,CM50,11-008-A1,"Main line, Isolation"
ET200SP_AFT,8,DQ 16x24VDC/0.5A ST_1,7,7,%Q2.6,Open Command,CM51,11-009-A1,"Aft peak C, Isolation"
ET200SP_AFT,8,DQ 16x24VDC/0.5A ST_1,8,8,%Q2.7,Close Command,CM51,11-009-A1,"Aft peak C, Isolation"
ET200SP_AFT,8,DQ 16x24VDC/0.5A ST_1,9,9,%Q3.0,Open Command,CM52,11-010-A1,"Aft peak, Isolation"
ET200SP_AFT,8,DQ 16x24VDC/0.5A ST_1,10,10,%Q3.1,Close Command,CM52,11-010-A1,"Aft peak, Isolation"
ET200SP_AFT,8,DQ 16x24VDC/0.5A ST_1,11,11,%Q3.2,Open Command,CM53,11-060-A1,"Aft peak P, Tank suction"
ET200SP_AFT,8,DQ 16x24VDC/0.5A ST_1,12,12,%Q3.3,Close Command,CM53,11-060-A1,"Aft peak P, Tank suction"
ET200SP_AFT,8,DQ 16x24VDC/0.5A ST_1,13,13,%Q3.4,Open Command,CM54,11-061-A1,"Aft peak S, Tank suction"
ET200SP_AFT,8,DQ 16x24VDC/0.5A ST_1,14,14,%Q3.5,Close Command,CM54,11-061-A1,"Aft peak S, Tank suction"
ET200SP_AFT,8,DQ 16x24VDC/0.5A ST_1,15,15,%Q3.6,Open Command,CM55,11-024-A2,"DB tank, Filling"
ET200SP_AFT,8,DQ 16x24VDC/0.5A ST_1,16,16,%Q3.7,Close Command,CM55,11-024-A2,"DB tank, Filling"
ET200SP_AFT,9,DQ 16x24VDC/0.5A ST_2,1,17,%Q4.0,Open Command,CM56,11-025-A2,"DB tank, Suction"
ET200SP_AFT,9,DQ 16x24VDC/0.5A ST_2,2,18,%Q4.1,Close Command,CM56,11-025-A2,"DB tank, Suction"
ET200SP_AFT,9,DQ 16x24VDC/0.5A ST_2,3,19,%Q4.2,Open Command,CM57,11-028-A1,"DB tank, Suction"
ET200SP_AFT,9,DQ 16x24VDC/0.5A ST_2,4,20,%Q4.3,Close Command,CM57,11-028-A1,"DB tank, Suction"
ET200SP_AFT,9,DQ 16x24VDC/0.5A ST_2,5,21,%Q4.4,Open Command,CM58,11-029-A1,"DB tank, Filling"
ET200SP_AFT,9,DQ 16x24VDC/0.5A ST_2,6,22,%Q4.5,Close Command,CM58,11-029-A1,"DB tank, Filling"
ET200SP_AFT,9,DQ 16x24VDC/0.5A ST_2,7,23,%Q4.6,Open Command,CM59,11-022-A2,"DB tank, Suction"
ET200SP_AFT,9,DQ 16x24VDC/0.5A ST_2,8,24,%Q4.7,Close Command,CM59,11-022-A2,"DB tank, Suction"
ET200SP_AFT,9,DQ 16x24VDC/0.5A ST_2,9,25,%Q5.0,Open Command,CM60,11-023-A2,"DB tank, Filling"
ET200SP_AFT,9,DQ 16x24VDC/0.5A ST_2,10,26,%Q5.1,Close Command,CM60,11-023-A2,"DB tank, Filling"
ET200SP_AFT,9,DQ 16x24VDC/0.5A ST_2,11,27,%Q5.2,Open Command,CM67,11-001-A2,"Cross line, Isolation"
ET200SP_AFT,9,DQ 16x24VDC/0.5A ST_2,12,28,%Q5.3,Close Command,CM67,11-001-A2,"Cross line, Isolation"
ET200SP_AFT,9,DQ 16x24VDC/0.5A ST_2,13,29,%Q5.4,Open Command,CM68,11-004-A1,"Cross line, Isolation"
ET200SP_AFT,9,DQ 16x24VDC/0.5A ST_2,14,30,%Q5.5,Close Command,CM68,11-004-A1,"Cross line, Isolation"
ET200SP_AFT,9,DQ 16x24VDC/0.5A ST_2,15,31,%Q5.6,Open Command,CM69,11-002-A2,"Pump 2, Isolation"
ET200SP_AFT,9,DQ 16x24VDC/0.5A ST_2,16,32,%Q5.7,Close Command,CM69,11-002-A2,"Pump 2, Isolation"
ET200SP_AFT,10,DQ 16x24VDC/0.5A ST_3,1,33,%Q6.0,Open Command,CM70,11-002-A4,"Pump 2, Isolation"
ET200SP_AFT,10,DQ 16x24VDC/0.5A ST_3,2,34,%Q6.1,Close Command,CM70,11-002-A4,"Pump 2, Isolation"
ET200SP_AFT,10,DQ 16x24VDC/0.5A ST_3,3,35,%Q6.2,Open Command,CM71,11-005-A1,"Main line, Distribution"
ET200SP_AFT,10,DQ 16x24VDC/0.5A ST_3,4,36,%Q6.3,Close Command,CM71,11-005-A1,"Main line, Distribution"
ET200SP_AFT,10,DQ 16x24VDC/0.5A ST_3,5,37,%Q6.4,Open Command,CM72,11-006-A1,"Pump 2, Suction"
ET200SP_AFT,10,DQ 16x24VDC/0.5A ST_3,6,38,%Q6.5,Close Command,CM72,11-006-A1,"Pump 2, Suction"
ET200SP_AFT,10,DQ 16x24VDC/0.5A ST_3,7,39,%Q6.6,Open Command,CM78,11-011-A1,"Pump 1, Discharge"
ET200SP_AFT,10,DQ 16x24VDC/0.5A ST_3,8,40,%Q6.7,Close Command,CM78,11-011-A1,"Pump 1, Discharge"
ET200SP_AFT,10,DQ 16x24VDC/0.5A ST_3,9,41,%Q7.0,Open Command,CM79,11-011-A3,"Bilge tie, Cross connect"
ET200SP_AFT,10,DQ 16x24VDC/0.5A ST_3,10,42,%Q7.1,Close Command,CM79,11-011-A3,"Bilge tie, Cross connect"
ET200SP_AFT,10,DQ 16x24VDC/0.5A ST_3,11,43,%Q7.2,Open Command,CM80,11-011-A4,"Bilge system tie, Isolation"
ET200SP_AFT,10,DQ 16x24VDC/0.5A ST_3,12,44,%Q7.3,Close Command,CM80,11-011-A4,"Bilge system tie, Isolation"
ET200SP_AFT,10,DQ 16x24VDC/0.5A ST_3,13,45,%Q7.4,Open Command,CM81,11-012-A1,"Pump 2 discharge, Isolation"
ET200SP_AFT,10,DQ 16x24VDC/0.5A ST_3,14,46,%Q7.5,Close Command,CM81,11-012-A1,"Pump 2 discharge, Isolation"
ET200SP_AFT,10,DQ 16x24VDC/0.5A ST_3,15,47,%Q7.6,Open Command,CM82,11-012-A3,"Pump 2 discharge, Isolation"
ET200SP_AFT,10,DQ 16x24VDC/0.5A ST_3,16,48,%Q7.7,Close Command,CM82,11-012-A3,"Pump 2 discharge, Isolation"
ET200SP_AFT,11,DQ 16x24VDC/0.5A ST_4,1,49,%Q8.0,Open Command,CM83,11-015-A1,"Tank branch, Isolation"
ET200SP_AFT,11,DQ 16x24VDC/0.5A ST_4,2,50,%Q8.1,Close Command,CM83,11-015-A1,"Tank branch, Isolation"
ET200SP_AFT,11,DQ 16x24VDC/0.5A ST_4,3,51,%Q8.2,Open Command,CM84,11-016-A1,"Main line, Isolation"
ET200SP_AFT,11,DQ 16x24VDC/0.5A ST_4,4,52,%Q8.3,Close Command,CM84,11-016-A1,"Main line, Isolation"
ET200SP_AFT,11,DQ 16x24VDC/0.5A ST_4,5,53,%Q8.4,Open Command,CM85,11-003-A1,"Cross line, Isolation"
ET200SP_AFT,11,DQ 16x24VDC/0.5A ST_4,6,54,%Q8.5,Close Command,CM85,11-003-A1,"Cross line, Isolation"
ET200SP_AFT,11,DQ 16x24VDC/0.5A ST_4,7,55,%Q8.6,SPARE / UNUSED,,,
ET200SP_AFT,11,DQ 16x24VDC/0.5A ST_4,8,56,%Q8.7,SPARE / UNUSED,,,
ET200SP_AFT,11,DQ 16x24VDC/0.5A ST_4,9,57,%Q9.0,SPARE / UNUSED,,,
ET200SP_AFT,11,DQ 16x24VDC/0.5A ST_4,10,58,%Q9.1,SPARE / UNUSED,,,
ET200SP_AFT,11,DQ 16x24VDC/0.5A ST_4,11,59,%Q9.2,SPARE / UNUSED,,,
ET200SP_AFT,11,DQ 16x24VDC/0.5A ST_4,12,60,%Q9.3,SPARE / UNUSED,,,
ET200SP_AFT,11,DQ 16x24VDC/0.5A ST_4,13,61,%Q9.4,SPARE / UNUSED,,,
ET200SP_AFT,11,DQ 16x24VDC/0.5A ST_4,14,62,%Q9.5,SPARE / UNUSED,,,
ET200SP_AFT,11,DQ 16x24VDC/0.5A ST_4,15,63,%Q9.6,SPARE / UNUSED,,,
ET200SP_AFT,11,DQ 16x24VDC/0.5A ST_4,16,64,%Q9.7,SPARE / UNUSED,,,
ET200SP_MID,1,DI 16x24VDC ST_1,1,113,%I16.0,Open Limit Switch,CM01,10-041-A1,"Bow thruster room, Bilge suction"
ET200SP_MID,1,DI 16x24VDC ST_1,2,114,%I16.1,Closed Limit Switch,CM01,10-041-A1,"Bow thruster room, Bilge suction"
ET200SP_MID,1,DI 16x24VDC ST_1,3,115,%I16.2,Healthy,CM01,10-041-A1,"Bow thruster room, Bilge suction"
ET200SP_MID,1,DI 16x24VDC ST_1,4,116,%I16.3,Local/Remote,CM01,10-041-A1,"Bow thruster room, Bilge suction"
ET200SP_MID,1,DI 16x24VDC ST_1,5,117,%I16.4,Open Limit Switch,CM02,10-017-A1,"Hold 4, Bilge suction"
ET200SP_MID,1,DI 16x24VDC ST_1,6,118,%I16.5,Closed Limit Switch,CM02,10-017-A1,"Hold 4, Bilge suction"
ET200SP_MID,1,DI 16x24VDC ST_1,7,119,%I16.6,Healthy,CM02,10-017-A1,"Hold 4, Bilge suction"
ET200SP_MID,1,DI 16x24VDC ST_1,8,120,%I16.7,Local/Remote,CM02,10-017-A1,"Hold 4, Bilge suction"
ET200SP_MID,1,DI 16x24VDC ST_1,9,121,%I17.0,Open Limit Switch,CM03,10-018-A1,"Hold 4, Bilge suction"
ET200SP_MID,1,DI 16x24VDC ST_1,10,122,%I17.1,Closed Limit Switch,CM03,10-018-A1,"Hold 4, Bilge suction"
ET200SP_MID,1,DI 16x24VDC ST_1,11,123,%I17.2,Healthy,CM03,10-018-A1,"Hold 4, Bilge suction"
ET200SP_MID,1,DI 16x24VDC ST_1,12,124,%I17.3,Local/Remote,CM03,10-018-A1,"Hold 4, Bilge suction"
ET200SP_MID,1,DI 16x24VDC ST_1,13,125,%I17.4,Open Limit Switch,CM04,10-021-A1,"Hold 3, Bilge suction"
ET200SP_MID,1,DI 16x24VDC ST_1,14,126,%I17.5,Closed Limit Switch,CM04,10-021-A1,"Hold 3, Bilge suction"
ET200SP_MID,1,DI 16x24VDC ST_1,15,127,%I17.6,Healthy,CM04,10-021-A1,"Hold 3, Bilge suction"
ET200SP_MID,1,DI 16x24VDC ST_1,16,128,%I17.7,Local/Remote,CM04,10-021-A1,"Hold 3, Bilge suction"
ET200SP_MID,2,DI 16x24VDC ST_2,1,129,%I18.0,Open Limit Switch,CM05,10-022-A1,"Hold 3, Bilge suction"
ET200SP_MID,2,DI 16x24VDC ST_2,2,130,%I18.1,Closed Limit Switch,CM05,10-022-A1,"Hold 3, Bilge suction"
ET200SP_MID,2,DI 16x24VDC ST_2,3,131,%I18.2,Healthy,CM05,10-022-A1,"Hold 3, Bilge suction"
ET200SP_MID,2,DI 16x24VDC ST_2,4,132,%I18.3,Local/Remote,CM05,10-022-A1,"Hold 3, Bilge suction"
ET200SP_MID,2,DI 16x24VDC ST_2,5,133,%I18.4,Open Limit Switch,CM06,10-007-A1,"ER, Suction"
ET200SP_MID,2,DI 16x24VDC ST_2,6,134,%I18.5,Closed Limit Switch,CM06,10-007-A1,"ER, Suction"
ET200SP_MID,2,DI 16x24VDC ST_2,7,135,%I18.6,Healthy,CM06,10-007-A1,"ER, Suction"
ET200SP_MID,2,DI 16x24VDC ST_2,8,136,%I18.7,Local/Remote,CM06,10-007-A1,"ER, Suction"
ET200SP_MID,2,DI 16x24VDC ST_2,9,137,%I19.0,Open Limit Switch,CM07,10-009-A1,"ER/Pipe void, Isolation"
ET200SP_MID,2,DI 16x24VDC ST_2,10,138,%I19.1,Closed Limit Switch,CM07,10-009-A1,"ER/Pipe void, Isolation"
ET200SP_MID,2,DI 16x24VDC ST_2,11,139,%I19.2,Healthy,CM07,10-009-A1,"ER/Pipe void, Isolation"
ET200SP_MID,2,DI 16x24VDC ST_2,12,140,%I19.3,Local/Remote,CM07,10-009-A1,"ER/Pipe void, Isolation"
ET200SP_MID,2,DI 16x24VDC ST_2,13,141,%I19.4,Open Limit Switch,CM08,10-012-A1,"Pipe void aft, Isolation"
ET200SP_MID,2,DI 16x24VDC ST_2,14,142,%I19.5,Closed Limit Switch,CM08,10-012-A1,"Pipe void aft, Isolation"
ET200SP_MID,2,DI 16x24VDC ST_2,15,143,%I19.6,Healthy,CM08,10-012-A1,"Pipe void aft, Isolation"
ET200SP_MID,2,DI 16x24VDC ST_2,16,144,%I19.7,Local/Remote,CM08,10-012-A1,"Pipe void aft, Isolation"
ET200SP_MID,3,DI 16x24VDC ST_3,1,145,%I20.0,Open Limit Switch,CM09,10-001-A1,"Engine Room, Suction"
ET200SP_MID,3,DI 16x24VDC ST_3,2,146,%I20.1,Closed Limit Switch,CM09,10-001-A1,"Engine Room, Suction"
ET200SP_MID,3,DI 16x24VDC ST_3,3,147,%I20.2,Healthy,CM09,10-001-A1,"Engine Room, Suction"
ET200SP_MID,3,DI 16x24VDC ST_3,4,148,%I20.3,Local/Remote,CM09,10-001-A1,"Engine Room, Suction"
ET200SP_MID,3,DI 16x24VDC ST_3,5,149,%I20.4,Open Limit Switch,CM10,10-002-A1,"Engine Room, Main suction"
ET200SP_MID,3,DI 16x24VDC ST_3,6,150,%I20.5,Closed Limit Switch,CM10,10-002-A1,"Engine Room, Main suction"
ET200SP_MID,3,DI 16x24VDC ST_3,7,151,%I20.6,Healthy,CM10,10-002-A1,"Engine Room, Main suction"
ET200SP_MID,3,DI 16x24VDC ST_3,8,152,%I20.7,Local/Remote,CM10,10-002-A1,"Engine Room, Main suction"
ET200SP_MID,3,DI 16x24VDC ST_3,9,153,%I21.0,Open Limit Switch,CM11,10-025-A1,"Hold 2, Bilge suction"
ET200SP_MID,3,DI 16x24VDC ST_3,10,154,%I21.1,Closed Limit Switch,CM11,10-025-A1,"Hold 2, Bilge suction"
ET200SP_MID,3,DI 16x24VDC ST_3,11,155,%I21.2,Healthy,CM11,10-025-A1,"Hold 2, Bilge suction"
ET200SP_MID,3,DI 16x24VDC ST_3,12,156,%I21.3,Local/Remote,CM11,10-025-A1,"Hold 2, Bilge suction"
ET200SP_MID,3,DI 16x24VDC ST_3,13,157,%I21.4,Open Limit Switch,CM12,10-026-A1,"Hold 2, Bilge suction"
ET200SP_MID,3,DI 16x24VDC ST_3,14,158,%I21.5,Closed Limit Switch,CM12,10-026-A1,"Hold 2, Bilge suction"
ET200SP_MID,3,DI 16x24VDC ST_3,15,159,%I21.6,Healthy,CM12,10-026-A1,"Hold 2, Bilge suction"
ET200SP_MID,3,DI 16x24VDC ST_3,16,160,%I21.7,Local/Remote,CM12,10-026-A1,"Hold 2, Bilge suction"
ET200SP_MID,4,DI 16x24VDC ST_4,1,161,%I22.0,Open Limit Switch,CM13,10-034-A1,"Hold 1, Bilge suction"
ET200SP_MID,4,DI 16x24VDC ST_4,2,162,%I22.1,Closed Limit Switch,CM13,10-034-A1,"Hold 1, Bilge suction"
ET200SP_MID,4,DI 16x24VDC ST_4,3,163,%I22.2,Healthy,CM13,10-034-A1,"Hold 1, Bilge suction"
ET200SP_MID,4,DI 16x24VDC ST_4,4,164,%I22.3,Local/Remote,CM13,10-034-A1,"Hold 1, Bilge suction"
ET200SP_MID,4,DI 16x24VDC ST_4,5,165,%I22.4,Open Limit Switch,CM14,10-035-A1,"Hold 1, Bilge suction"
ET200SP_MID,4,DI 16x24VDC ST_4,6,166,%I22.5,Closed Limit Switch,CM14,10-035-A1,"Hold 1, Bilge suction"
ET200SP_MID,4,DI 16x24VDC ST_4,7,167,%I22.6,Healthy,CM14,10-035-A1,"Hold 1, Bilge suction"
ET200SP_MID,4,DI 16x24VDC ST_4,8,168,%I22.7,Local/Remote,CM14,10-035-A1,"Hold 1, Bilge suction"
ET200SP_MID,4,DI 16x24VDC ST_4,9,169,%I23.0,Open Limit Switch,CM15,10-003-A1,"ER, Suction"
ET200SP_MID,4,DI 16x24VDC ST_4,10,170,%I23.1,Closed Limit Switch,CM15,10-003-A1,"ER, Suction"
ET200SP_MID,4,DI 16x24VDC ST_4,11,171,%I23.2,Healthy,CM15,10-003-A1,"ER, Suction"
ET200SP_MID,4,DI 16x24VDC ST_4,12,172,%I23.3,Local/Remote,CM15,10-003-A1,"ER, Suction"
ET200SP_MID,4,DI 16x24VDC ST_4,13,173,%I23.4,Open Limit Switch,CM16,10-004-A1,"Pump suction, Isolation"
ET200SP_MID,4,DI 16x24VDC ST_4,14,174,%I23.5,Closed Limit Switch,CM16,10-004-A1,"Pump suction, Isolation"
ET200SP_MID,4,DI 16x24VDC ST_4,15,175,%I23.6,Healthy,CM16,10-004-A1,"Pump suction, Isolation"
ET200SP_MID,4,DI 16x24VDC ST_4,16,176,%I23.7,Local/Remote,CM16,10-004-A1,"Pump suction, Isolation"
ET200SP_MID,5,DI 16x24VDC ST_5,1,177,%I24.0,Open Limit Switch,CM17,10-005-A1,"ER, Suction"
ET200SP_MID,5,DI 16x24VDC ST_5,2,178,%I24.1,Closed Limit Switch,CM17,10-005-A1,"ER, Suction"
ET200SP_MID,5,DI 16x24VDC ST_5,3,179,%I24.2,Healthy,CM17,10-005-A1,"ER, Suction"
ET200SP_MID,5,DI 16x24VDC ST_5,4,180,%I24.3,Local/Remote,CM17,10-005-A1,"ER, Suction"
ET200SP_MID,5,DI 16x24VDC ST_5,5,181,%I24.4,Open Limit Switch,CM18,10-001-A2,"Void Deck, Bilge suction"
ET200SP_MID,5,DI 16x24VDC ST_5,6,182,%I24.5,Closed Limit Switch,CM18,10-001-A2,"Void Deck, Bilge suction"
ET200SP_MID,5,DI 16x24VDC ST_5,7,183,%I24.6,Healthy,CM18,10-001-A2,"Void Deck, Bilge suction"
ET200SP_MID,5,DI 16x24VDC ST_5,8,184,%I24.7,Local/Remote,CM18,10-001-A2,"Void Deck, Bilge suction"
ET200SP_MID,5,DI 16x24VDC ST_5,9,185,%I25.0,Open Limit Switch,CM19,10-013-A1,"Pipe void aft, Isolation"
ET200SP_MID,5,DI 16x24VDC ST_5,10,186,%I25.1,Closed Limit Switch,CM19,10-013-A1,"Pipe void aft, Isolation"
ET200SP_MID,5,DI 16x24VDC ST_5,11,187,%I25.2,Healthy,CM19,10-013-A1,"Pipe void aft, Isolation"
ET200SP_MID,5,DI 16x24VDC ST_5,12,188,%I25.3,Local/Remote,CM19,10-013-A1,"Pipe void aft, Isolation"
ET200SP_MID,5,DI 16x24VDC ST_5,13,189,%I25.4,Open Limit Switch,CM20,10-010-A1,"Hold 5, Bilge suction"
ET200SP_MID,5,DI 16x24VDC ST_5,14,190,%I25.5,Closed Limit Switch,CM20,10-010-A1,"Hold 5, Bilge suction"
ET200SP_MID,5,DI 16x24VDC ST_5,15,191,%I25.6,Healthy,CM20,10-010-A1,"Hold 5, Bilge suction"
ET200SP_MID,5,DI 16x24VDC ST_5,16,192,%I25.7,Local/Remote,CM20,10-010-A1,"Hold 5, Bilge suction"
ET200SP_MID,6,DI 16x24VDC ST_6,1,193,%I26.0,Open Limit Switch,CM21,10-011-A1,"Hold 5, Bilge suction"
ET200SP_MID,6,DI 16x24VDC ST_6,2,194,%I26.1,Closed Limit Switch,CM21,10-011-A1,"Hold 5, Bilge suction"
ET200SP_MID,6,DI 16x24VDC ST_6,3,195,%I26.2,Healthy,CM21,10-011-A1,"Hold 5, Bilge suction"
ET200SP_MID,6,DI 16x24VDC ST_6,4,196,%I26.3,Local/Remote,CM21,10-011-A1,"Hold 5, Bilge suction"
ET200SP_MID,6,DI 16x24VDC ST_6,5,197,%I26.4,Open Limit Switch,CM23,10-046-A1,"Discharge, Isolation"
ET200SP_MID,6,DI 16x24VDC ST_6,6,198,%I26.5,Closed Limit Switch,CM23,10-046-A1,"Discharge, Isolation"
ET200SP_MID,6,DI 16x24VDC ST_6,7,199,%I26.6,Healthy,CM23,10-046-A1,"Discharge, Isolation"
ET200SP_MID,6,DI 16x24VDC ST_6,8,200,%I26.7,Local/Remote,CM23,10-046-A1,"Discharge, Isolation"
ET200SP_MID,6,DI 16x24VDC ST_6,9,201,%I27.0,Open Limit Switch,CM24,10-047-A2,"Discharge, Isolation"
ET200SP_MID,6,DI 16x24VDC ST_6,10,202,%I27.1,Closed Limit Switch,CM24,10-047-A2,"Discharge, Isolation"
ET200SP_MID,6,DI 16x24VDC ST_6,11,203,%I27.2,Healthy,CM24,10-047-A2,"Discharge, Isolation"
ET200SP_MID,6,DI 16x24VDC ST_6,12,204,%I27.3,Local/Remote,CM24,10-047-A2,"Discharge, Isolation"
ET200SP_MID,6,DI 16x24VDC ST_6,13,205,%I27.4,Open Limit Switch,CM94,20-023-A1,"Fire main, Isolation"
ET200SP_MID,6,DI 16x24VDC ST_6,14,206,%I27.5,Closed Limit Switch,CM94,20-023-A1,"Fire main, Isolation"
ET200SP_MID,6,DI 16x24VDC ST_6,15,207,%I27.6,Healthy,CM94,20-023-A1,"Fire main, Isolation"
ET200SP_MID,6,DI 16x24VDC ST_6,16,208,%I27.7,Local/Remote,CM94,20-023-A1,"Fire main, Isolation"
ET200SP_MID,7,DI 16x24VDC ST_7,1,209,%I28.0,Open Limit Switch,CM95,20-025-A1,"Fire line, Fire/Bilge crossover"
ET200SP_MID,7,DI 16x24VDC ST_7,2,210,%I28.1,Closed Limit Switch,CM95,20-025-A1,"Fire line, Fire/Bilge crossover"
ET200SP_MID,7,DI 16x24VDC ST_7,3,211,%I28.2,Healthy,CM95,20-025-A1,"Fire line, Fire/Bilge crossover"
ET200SP_MID,7,DI 16x24VDC ST_7,4,212,%I28.3,Local/Remote,CM95,20-025-A1,"Fire line, Fire/Bilge crossover"
ET200SP_MID,7,DI 16x24VDC ST_7,5,213,%I28.4,Open Limit Switch,CM96,20-022-A1,"Bilge Fire Pump 2, Seawater priming"
ET200SP_MID,7,DI 16x24VDC ST_7,6,214,%I28.5,Closed Limit Switch,CM96,20-022-A1,"Bilge Fire Pump 2, Seawater priming"
ET200SP_MID,7,DI 16x24VDC ST_7,7,215,%I28.6,Healthy,CM96,20-022-A1,"Bilge Fire Pump 2, Seawater priming"
ET200SP_MID,7,DI 16x24VDC ST_7,8,216,%I28.7,Local/Remote,CM96,20-022-A1,"Bilge Fire Pump 2, Seawater priming"
ET200SP_MID,7,DI 16x24VDC ST_7,9,217,%I29.0,Open Limit Switch,CM97,20-024-A1,"Bilge Fire Pump 1, Seawater priming"
ET200SP_MID,7,DI 16x24VDC ST_7,10,218,%I29.1,Closed Limit Switch,CM97,20-024-A1,"Bilge Fire Pump 1, Seawater priming"
ET200SP_MID,7,DI 16x24VDC ST_7,11,219,%I29.2,Healthy,CM97,20-024-A1,"Bilge Fire Pump 1, Seawater priming"
ET200SP_MID,7,DI 16x24VDC ST_7,12,220,%I29.3,Local/Remote,CM97,20-024-A1,"Bilge Fire Pump 1, Seawater priming"
ET200SP_MID,7,DI 16x24VDC ST_7,13,221,%I29.4,SPARE / UNUSED,,,
ET200SP_MID,7,DI 16x24VDC ST_7,14,222,%I29.5,SPARE / UNUSED,,,
ET200SP_MID,7,DI 16x24VDC ST_7,15,223,%I29.6,SPARE / UNUSED,,,
ET200SP_MID,7,DI 16x24VDC ST_7,16,224,%I29.7,SPARE / UNUSED,,,
ET200SP_MID,8,DQ 16x24VDC/0.5A ST_1,1,65,%Q10.0,Open Command,CM01,10-041-A1,"Bow thruster room, Bilge suction"
ET200SP_MID,8,DQ 16x24VDC/0.5A ST_1,2,66,%Q10.1,Close Command,CM01,10-041-A1,"Bow thruster room, Bilge suction"
ET200SP_MID,8,DQ 16x24VDC/0.5A ST_1,3,67,%Q10.2,Open Command,CM02,10-017-A1,"Hold 4, Bilge suction"
ET200SP_MID,8,DQ 16x24VDC/0.5A ST_1,4,68,%Q10.3,Close Command,CM02,10-017-A1,"Hold 4, Bilge suction"
ET200SP_MID,8,DQ 16x24VDC/0.5A ST_1,5,69,%Q10.4,Open Command,CM03,10-018-A1,"Hold 4, Bilge suction"
ET200SP_MID,8,DQ 16x24VDC/0.5A ST_1,6,70,%Q10.5,Close Command,CM03,10-018-A1,"Hold 4, Bilge suction"
ET200SP_MID,8,DQ 16x24VDC/0.5A ST_1,7,71,%Q10.6,Open Command,CM04,10-021-A1,"Hold 3, Bilge suction"
ET200SP_MID,8,DQ 16x24VDC/0.5A ST_1,8,72,%Q10.7,Close Command,CM04,10-021-A1,"Hold 3, Bilge suction"
ET200SP_MID,8,DQ 16x24VDC/0.5A ST_1,9,73,%Q11.0,Open Command,CM05,10-022-A1,"Hold 3, Bilge suction"
ET200SP_MID,8,DQ 16x24VDC/0.5A ST_1,10,74,%Q11.1,Close Command,CM05,10-022-A1,"Hold 3, Bilge suction"
ET200SP_MID,8,DQ 16x24VDC/0.5A ST_1,11,75,%Q11.2,Open Command,CM06,10-007-A1,"ER, Suction"
ET200SP_MID,8,DQ 16x24VDC/0.5A ST_1,12,76,%Q11.3,Close Command,CM06,10-007-A1,"ER, Suction"
ET200SP_MID,8,DQ 16x24VDC/0.5A ST_1,13,77,%Q11.4,Open Command,CM07,10-009-A1,"ER/Pipe void, Isolation"
ET200SP_MID,8,DQ 16x24VDC/0.5A ST_1,14,78,%Q11.5,Close Command,CM07,10-009-A1,"ER/Pipe void, Isolation"
ET200SP_MID,8,DQ 16x24VDC/0.5A ST_1,15,79,%Q11.6,Open Command,CM08,10-012-A1,"Pipe void aft, Isolation"
ET200SP_MID,8,DQ 16x24VDC/0.5A ST_1,16,80,%Q11.7,Close Command,CM08,10-012-A1,"Pipe void aft, Isolation"
ET200SP_MID,9,DQ 16x24VDC/0.5A ST_2,1,81,%Q12.0,Open Command,CM09,10-001-A1,"Engine Room, Suction"
ET200SP_MID,9,DQ 16x24VDC/0.5A ST_2,2,82,%Q12.1,Close Command,CM09,10-001-A1,"Engine Room, Suction"
ET200SP_MID,9,DQ 16x24VDC/0.5A ST_2,3,83,%Q12.2,Open Command,CM10,10-002-A1,"Engine Room, Main suction"
ET200SP_MID,9,DQ 16x24VDC/0.5A ST_2,4,84,%Q12.3,Close Command,CM10,10-002-A1,"Engine Room, Main suction"
ET200SP_MID,9,DQ 16x24VDC/0.5A ST_2,5,85,%Q12.4,Open Command,CM11,10-025-A1,"Hold 2, Bilge suction"
ET200SP_MID,9,DQ 16x24VDC/0.5A ST_2,6,86,%Q12.5,Close Command,CM11,10-025-A1,"Hold 2, Bilge suction"
ET200SP_MID,9,DQ 16x24VDC/0.5A ST_2,7,87,%Q12.6,Open Command,CM12,10-026-A1,"Hold 2, Bilge suction"
ET200SP_MID,9,DQ 16x24VDC/0.5A ST_2,8,88,%Q12.7,Close Command,CM12,10-026-A1,"Hold 2, Bilge suction"
ET200SP_MID,9,DQ 16x24VDC/0.5A ST_2,9,89,%Q13.0,Open Command,CM13,10-034-A1,"Hold 1, Bilge suction"
ET200SP_MID,9,DQ 16x24VDC/0.5A ST_2,10,90,%Q13.1,Close Command,CM13,10-034-A1,"Hold 1, Bilge suction"
ET200SP_MID,9,DQ 16x24VDC/0.5A ST_2,11,91,%Q13.2,Open Command,CM14,10-035-A1,"Hold 1, Bilge suction"
ET200SP_MID,9,DQ 16x24VDC/0.5A ST_2,12,92,%Q13.3,Close Command,CM14,10-035-A1,"Hold 1, Bilge suction"
ET200SP_MID,9,DQ 16x24VDC/0.5A ST_2,13,93,%Q13.4,Open Command,CM15,10-003-A1,"ER, Suction"
ET200SP_MID,9,DQ 16x24VDC/0.5A ST_2,14,94,%Q13.5,Close Command,CM15,10-003-A1,"ER, Suction"
ET200SP_MID,9,DQ 16x24VDC/0.5A ST_2,15,95,%Q13.6,Open Command,CM16,10-004-A1,"Pump suction, Isolation"
ET200SP_MID,9,DQ 16x24VDC/0.5A ST_2,16,96,%Q13.7,Close Command,CM16,10-004-A1,"Pump suction, Isolation"
ET200SP_MID,10,DQ 16x24VDC/0.5A ST_3,1,97,%Q14.0,Open Command,CM17,10-005-A1,"ER, Suction"
ET200SP_MID,10,DQ 16x24VDC/0.5A ST_3,2,98,%Q14.1,Close Command,CM17,10-005-A1,"ER, Suction"
ET200SP_MID,10,DQ 16x24VDC/0.5A ST_3,3,99,%Q14.2,Open Command,CM18,10-001-A2,"Void Deck, Bilge suction"
ET200SP_MID,10,DQ 16x24VDC/0.5A ST_3,4,100,%Q14.3,Close Command,CM18,10-001-A2,"Void Deck, Bilge suction"
ET200SP_MID,10,DQ 16x24VDC/0.5A ST_3,5,101,%Q14.4,Open Command,CM19,10-013-A1,"Pipe void aft, Isolation"
ET200SP_MID,10,DQ 16x24VDC/0.5A ST_3,6,102,%Q14.5,Close Command,CM19,10-013-A1,"Pipe void aft, Isolation"
ET200SP_MID,10,DQ 16x24VDC/0.5A ST_3,7,103,%Q14.6,Open Command,CM20,10-010-A1,"Hold 5, Bilge suction"
ET200SP_MID,10,DQ 16x24VDC/0.5A ST_3,8,104,%Q14.7,Close Command,CM20,10-010-A1,"Hold 5, Bilge suction"
ET200SP_MID,10,DQ 16x24VDC/0.5A ST_3,9,105,%Q15.0,Open Command,CM21,10-011-A1,"Hold 5, Bilge suction"
ET200SP_MID,10,DQ 16x24VDC/0.5A ST_3,10,106,%Q15.1,Close Command,CM21,10-011-A1,"Hold 5, Bilge suction"
ET200SP_MID,10,DQ 16x24VDC/0.5A ST_3,11,107,%Q15.2,Open Command,CM23,10-046-A1,"Discharge, Isolation"
ET200SP_MID,10,DQ 16x24VDC/0.5A ST_3,12,108,%Q15.3,Close Command,CM23,10-046-A1,"Discharge, Isolation"
ET200SP_MID,10,DQ 16x24VDC/0.5A ST_3,13,109,%Q15.4,Open Command,CM24,10-047-A2,"Discharge, Isolation"
ET200SP_MID,10,DQ 16x24VDC/0.5A ST_3,14,110,%Q15.5,Close Command,CM24,10-047-A2,"Discharge, Isolation"
ET200SP_MID,10,DQ 16x24VDC/0.5A ST_3,15,111,%Q15.6,Open Command,CM94,20-023-A1,"Fire main, Isolation"
ET200SP_MID,10,DQ 16x24VDC/0.5A ST_3,16,112,%Q15.7,Close Command,CM94,20-023-A1,"Fire main, Isolation"
ET200SP_MID,11,DQ 16x24VDC/0.5A ST_4,1,113,%Q16.0,Open Command,CM95,20-025-A1,"Fire line, Fire/Bilge crossover"
ET200SP_MID,11,DQ 16x24VDC/0.5A ST_4,2,114,%Q16.1,Close Command,CM95,20-025-A1,"Fire line, Fire/Bilge crossover"
ET200SP_MID,11,DQ 16x24VDC/0.5A ST_4,3,115,%Q16.2,Open Command,CM96,20-022-A1,"Bilge Fire Pump 2, Seawater priming"
ET200SP_MID,11,DQ 16x24VDC/0.5A ST_4,4,116,%Q16.3,Close Command,CM96,20-022-A1,"Bilge Fire Pump 2, Seawater priming"
ET200SP_MID,11,DQ 16x24VDC/0.5A ST_4,5,117,%Q16.4,Open Command,CM97,20-024-A1,"Bilge Fire Pump 1, Seawater priming"
ET200SP_MID,11,DQ 16x24VDC/0.5A ST_4,6,118,%Q16.5,Close Command,CM97,20-024-A1,"Bilge Fire Pump 1, Seawater priming"
ET200SP_MID,11,DQ 16x24VDC/0.5A ST_4,7,119,%Q16.6,SPARE / UNUSED,,,
ET200SP_MID,11,DQ 16x24VDC/0.5A ST_4,8,120,%Q16.7,SPARE / UNUSED,,,
ET200SP_MID,11,DQ 16x24VDC/0.5A ST_4,9,121,%Q17.0,SPARE / UNUSED,,,
ET200SP_MID,11,DQ 16x24VDC/0.5A ST_4,10,122,%Q17.1,SPARE / UNUSED,,,
ET200SP_MID,11,DQ 16x24VDC/0.5A ST_4,11,123,%Q17.2,SPARE / UNUSED,,,
ET200SP_MID,11,DQ 16x24VDC/0.5A ST_4,12,124,%Q17.3,SPARE / UNUSED,,,
ET200SP_MID,11,DQ 16x24VDC/0.5A ST_4,13,125,%Q17.4,SPARE / UNUSED,,,
ET200SP_MID,11,DQ 16x24VDC/0.5A ST_4,14,126,%Q17.5,SPARE / UNUSED,,,
ET200SP_MID,11,DQ 16x24VDC/0.5A ST_4,15,127,%Q17.6,SPARE / UNUSED,,,
ET200SP_MID,11,DQ 16x24VDC/0.5A ST_4,16,128,%Q17.7,SPARE / UNUSED,,,
ET200SP_FWD,1,DI 16x24VDC ST_1,1,225,%I30.0,Open Limit Switch,CM27,11-030-A1,"TK6 High P, Filling"
ET200SP_FWD,1,DI 16x24VDC ST_1,2,226,%I30.1,Closed Limit Switch,CM27,11-030-A1,"TK6 High P, Filling"
ET200SP_FWD,1,DI 16x24VDC ST_1,3,227,%I30.2,Healthy,CM27,11-030-A1,"TK6 High P, Filling"
ET200SP_FWD,1,DI 16x24VDC ST_1,4,228,%I30.3,Local/Remote,CM27,11-030-A1,"TK6 High P, Filling"
ET200SP_FWD,1,DI 16x24VDC ST_1,5,229,%I30.4,Open Limit Switch,CM28,11-031-A1,"Manifold, Suction"
ET200SP_FWD,1,DI 16x24VDC ST_1,6,230,%I30.5,Closed Limit Switch,CM28,11-031-A1,"Manifold, Suction"
ET200SP_FWD,1,DI 16x24VDC ST_1,7,231,%I30.6,Healthy,CM28,11-031-A1,"Manifold, Suction"
ET200SP_FWD,1,DI 16x24VDC ST_1,8,232,%I30.7,Local/Remote,CM28,11-031-A1,"Manifold, Suction"
ET200SP_FWD,1,DI 16x24VDC ST_1,9,233,%I31.0,Open Limit Switch,CM29,11-032-A1,"Manifold, Suction"
ET200SP_FWD,1,DI 16x24VDC ST_1,10,234,%I31.1,Closed Limit Switch,CM29,11-032-A1,"Manifold, Suction"
ET200SP_FWD,1,DI 16x24VDC ST_1,11,235,%I31.2,Healthy,CM29,11-032-A1,"Manifold, Suction"
ET200SP_FWD,1,DI 16x24VDC ST_1,12,236,%I31.3,Local/Remote,CM29,11-032-A1,"Manifold, Suction"
ET200SP_FWD,1,DI 16x24VDC ST_1,13,237,%I31.4,Open Limit Switch,CM30,11-033-A1,"TK5 Wing P, Filling"
ET200SP_FWD,1,DI 16x24VDC ST_1,14,238,%I31.5,Closed Limit Switch,CM30,11-033-A1,"TK5 Wing P, Filling"
ET200SP_FWD,1,DI 16x24VDC ST_1,15,239,%I31.6,Healthy,CM30,11-033-A1,"TK5 Wing P, Filling"
ET200SP_FWD,1,DI 16x24VDC ST_1,16,240,%I31.7,Local/Remote,CM30,11-033-A1,"TK5 Wing P, Filling"
ET200SP_FWD,2,DI 16x24VDC ST_2,1,241,%I32.0,Open Limit Switch,CM31,11-034-A2,"TK4 DB, Filling"
ET200SP_FWD,2,DI 16x24VDC ST_2,2,242,%I32.1,Closed Limit Switch,CM31,11-034-A2,"TK4 DB, Filling"
ET200SP_FWD,2,DI 16x24VDC ST_2,3,243,%I32.2,Healthy,CM31,11-034-A2,"TK4 DB, Filling"
ET200SP_FWD,2,DI 16x24VDC ST_2,4,244,%I32.3,Local/Remote,CM31,11-034-A2,"TK4 DB, Filling"
ET200SP_FWD,2,DI 16x24VDC ST_2,5,245,%I32.4,Open Limit Switch,CM32,11-035-A1,"Manifold, Suction"
ET200SP_FWD,2,DI 16x24VDC ST_2,6,246,%I32.5,Closed Limit Switch,CM32,11-035-A1,"Manifold, Suction"
ET200SP_FWD,2,DI 16x24VDC ST_2,7,247,%I32.6,Healthy,CM32,11-035-A1,"Manifold, Suction"
ET200SP_FWD,2,DI 16x24VDC ST_2,8,248,%I32.7,Local/Remote,CM32,11-035-A1,"Manifold, Suction"
ET200SP_FWD,2,DI 16x24VDC ST_2,9,249,%I33.0,Open Limit Switch,CM33,11-036-A1,"TK5 DB P, Filling"
ET200SP_FWD,2,DI 16x24VDC ST_2,10,250,%I33.1,Closed Limit Switch,CM33,11-036-A1,"TK5 DB P, Filling"
ET200SP_FWD,2,DI 16x24VDC ST_2,11,251,%I33.2,Healthy,CM33,11-036-A1,"TK5 DB P, Filling"
ET200SP_FWD,2,DI 16x24VDC ST_2,12,252,%I33.3,Local/Remote,CM33,11-036-A1,"TK5 DB P, Filling"
ET200SP_FWD,2,DI 16x24VDC ST_2,13,253,%I33.4,Open Limit Switch,CM34,11-037-A1,"Manifold, Suction"
ET200SP_FWD,2,DI 16x24VDC ST_2,14,254,%I33.5,Closed Limit Switch,CM34,11-037-A1,"Manifold, Suction"
ET200SP_FWD,2,DI 16x24VDC ST_2,15,255,%I33.6,Healthy,CM34,11-037-A1,"Manifold, Suction"
ET200SP_FWD,2,DI 16x24VDC ST_2,16,256,%I33.7,Local/Remote,CM34,11-037-A1,"Manifold, Suction"
ET200SP_FWD,3,DI 16x24VDC ST_3,1,257,%I34.0,Open Limit Switch,CM35,11-046-A1,"TK3 Wing S, Filling"
ET200SP_FWD,3,DI 16x24VDC ST_3,2,258,%I34.1,Closed Limit Switch,CM35,11-046-A1,"TK3 Wing S, Filling"
ET200SP_FWD,3,DI 16x24VDC ST_3,3,259,%I34.2,Healthy,CM35,11-046-A1,"TK3 Wing S, Filling"
ET200SP_FWD,3,DI 16x24VDC ST_3,4,260,%I34.3,Local/Remote,CM35,11-046-A1,"TK3 Wing S, Filling"
ET200SP_FWD,3,DI 16x24VDC ST_3,5,261,%I34.4,Open Limit Switch,CM36,11-047-A2,"Manifold, Suction"
ET200SP_FWD,3,DI 16x24VDC ST_3,6,262,%I34.5,Closed Limit Switch,CM36,11-047-A2,"Manifold, Suction"
ET200SP_FWD,3,DI 16x24VDC ST_3,7,263,%I34.6,Healthy,CM36,11-047-A2,"Manifold, Suction"
ET200SP_FWD,3,DI 16x24VDC ST_3,8,264,%I34.7,Local/Remote,CM36,11-047-A2,"Manifold, Suction"
ET200SP_FWD,3,DI 16x24VDC ST_3,9,265,%I35.0,Open Limit Switch,CM37,11-048-A1,"Manifold, Suction"
ET200SP_FWD,3,DI 16x24VDC ST_3,10,266,%I35.1,Closed Limit Switch,CM37,11-048-A1,"Manifold, Suction"
ET200SP_FWD,3,DI 16x24VDC ST_3,11,267,%I35.2,Healthy,CM37,11-048-A1,"Manifold, Suction"
ET200SP_FWD,3,DI 16x24VDC ST_3,12,268,%I35.3,Local/Remote,CM37,11-048-A1,"Manifold, Suction"
ET200SP_FWD,3,DI 16x24VDC ST_3,13,269,%I35.4,Open Limit Switch,CM38,11-049-A1,"Manifold, Suction"
ET200SP_FWD,3,DI 16x24VDC ST_3,14,270,%I35.5,Closed Limit Switch,CM38,11-049-A1,"Manifold, Suction"
ET200SP_FWD,3,DI 16x24VDC ST_3,15,271,%I35.6,Healthy,CM38,11-049-A1,"Manifold, Suction"
ET200SP_FWD,3,DI 16x24VDC ST_3,16,272,%I35.7,Local/Remote,CM38,11-049-A1,"Manifold, Suction"
ET200SP_FWD,4,DI 16x24VDC ST_4,1,273,%I36.0,Open Limit Switch,CM39,11-050-A1,"TK2 Wing P, Filling"
ET200SP_FWD,4,DI 16x24VDC ST_4,2,274,%I36.1,Closed Limit Switch,CM39,11-050-A1,"TK2 Wing P, Filling"
ET200SP_FWD,4,DI 16x24VDC ST_4,3,275,%I36.2,Healthy,CM39,11-050-A1,"TK2 Wing P, Filling"
ET200SP_FWD,4,DI 16x24VDC ST_4,4,276,%I36.3,Local/Remote,CM39,11-050-A1,"TK2 Wing P, Filling"
ET200SP_FWD,4,DI 16x24VDC ST_4,5,277,%I36.4,Open Limit Switch,CM40,11-051-A1,"TK1 DB C, Filling"
ET200SP_FWD,4,DI 16x24VDC ST_4,6,278,%I36.5,Closed Limit Switch,CM40,11-051-A1,"TK1 DB C, Filling"
ET200SP_FWD,4,DI 16x24VDC ST_4,7,279,%I36.6,Healthy,CM40,11-051-A1,"TK1 DB C, Filling"
ET200SP_FWD,4,DI 16x24VDC ST_4,8,280,%I36.7,Local/Remote,CM40,11-051-A1,"TK1 DB C, Filling"
ET200SP_FWD,4,DI 16x24VDC ST_4,9,281,%I37.0,Open Limit Switch,CM41,11-052-A1,"Main line, Isolation"
ET200SP_FWD,4,DI 16x24VDC ST_4,10,282,%I37.1,Closed Limit Switch,CM41,11-052-A1,"Main line, Isolation"
ET200SP_FWD,4,DI 16x24VDC ST_4,11,283,%I37.2,Healthy,CM41,11-052-A1,"Main line, Isolation"
ET200SP_FWD,4,DI 16x24VDC ST_4,12,284,%I37.3,Local/Remote,CM41,11-052-A1,"Main line, Isolation"
ET200SP_FWD,4,DI 16x24VDC ST_4,13,285,%I37.4,Open Limit Switch,CM42,11-053-A1,"TK2 High C, Filling"
ET200SP_FWD,4,DI 16x24VDC ST_4,14,286,%I37.5,Closed Limit Switch,CM42,11-053-A1,"TK2 High C, Filling"
ET200SP_FWD,4,DI 16x24VDC ST_4,15,287,%I37.6,Healthy,CM42,11-053-A1,"TK2 High C, Filling"
ET200SP_FWD,4,DI 16x24VDC ST_4,16,288,%I37.7,Local/Remote,CM42,11-053-A1,"TK2 High C, Filling"
ET200SP_FWD,5,DI 16x24VDC ST_5,1,289,%I38.0,Open Limit Switch,CM43,11-054-A2,"Main line, Isolation"
ET200SP_FWD,5,DI 16x24VDC ST_5,2,290,%I38.1,Closed Limit Switch,CM43,11-054-A2,"Main line, Isolation"
ET200SP_FWD,5,DI 16x24VDC ST_5,3,291,%I38.2,Healthy,CM43,11-054-A2,"Main line, Isolation"
ET200SP_FWD,5,DI 16x24VDC ST_5,4,292,%I38.3,Local/Remote,CM43,11-054-A2,"Main line, Isolation"
ET200SP_FWD,5,DI 16x24VDC ST_5,5,293,%I38.4,Open Limit Switch,CM44,11-055-A1,"TK2 Wing S, Filling"
ET200SP_FWD,5,DI 16x24VDC ST_5,6,294,%I38.5,Closed Limit Switch,CM44,11-055-A1,"TK2 Wing S, Filling"
ET200SP_FWD,5,DI 16x24VDC ST_5,7,295,%I38.6,Healthy,CM44,11-055-A1,"TK2 Wing S, Filling"
ET200SP_FWD,5,DI 16x24VDC ST_5,8,296,%I38.7,Local/Remote,CM44,11-055-A1,"TK2 Wing S, Filling"
ET200SP_FWD,5,DI 16x24VDC ST_5,9,297,%I39.0,Open Limit Switch,CM45,11-056-A1,"Fwd peak, Filling"
ET200SP_FWD,5,DI 16x24VDC ST_5,10,298,%I39.1,Closed Limit Switch,CM45,11-056-A1,"Fwd peak, Filling"
ET200SP_FWD,5,DI 16x24VDC ST_5,11,299,%I39.2,Healthy,CM45,11-056-A1,"Fwd peak, Filling"
ET200SP_FWD,5,DI 16x24VDC ST_5,12,300,%I39.3,Local/Remote,CM45,11-056-A1,"Fwd peak, Filling"
ET200SP_FWD,5,DI 16x24VDC ST_5,13,301,%I39.4,Open Limit Switch,CM46,11-057-A1,"Main line, Isolation"
ET200SP_FWD,5,DI 16x24VDC ST_5,14,302,%I39.5,Closed Limit Switch,CM46,11-057-A1,"Main line, Isolation"
ET200SP_FWD,5,DI 16x24VDC ST_5,15,303,%I39.6,Healthy,CM46,11-057-A1,"Main line, Isolation"
ET200SP_FWD,5,DI 16x24VDC ST_5,16,304,%I39.7,Local/Remote,CM46,11-057-A1,"Main line, Isolation"
ET200SP_FWD,6,DI 16x24VDC ST_6,1,305,%I40.0,Open Limit Switch,CM47,11-058-A1,"Fwd peak, Filling"
ET200SP_FWD,6,DI 16x24VDC ST_6,2,306,%I40.1,Closed Limit Switch,CM47,11-058-A1,"Fwd peak, Filling"
ET200SP_FWD,6,DI 16x24VDC ST_6,3,307,%I40.2,Healthy,CM47,11-058-A1,"Fwd peak, Filling"
ET200SP_FWD,6,DI 16x24VDC ST_6,4,308,%I40.3,Local/Remote,CM47,11-058-A1,"Fwd peak, Filling"
ET200SP_FWD,6,DI 16x24VDC ST_6,5,309,%I40.4,Open Limit Switch,CM48,11-042-A1,"TK3 Wing P, Filling"
ET200SP_FWD,6,DI 16x24VDC ST_6,6,310,%I40.5,Closed Limit Switch,CM48,11-042-A1,"TK3 Wing P, Filling"
ET200SP_FWD,6,DI 16x24VDC ST_6,7,311,%I40.6,Healthy,CM48,11-042-A1,"TK3 Wing P, Filling"
ET200SP_FWD,6,DI 16x24VDC ST_6,8,312,%I40.7,Local/Remote,CM48,11-042-A1,"TK3 Wing P, Filling"
ET200SP_FWD,6,DI 16x24VDC ST_6,9,313,%I41.0,Open Limit Switch,CM49,11-043-A1,"Manifold, Suction"
ET200SP_FWD,6,DI 16x24VDC ST_6,10,314,%I41.1,Closed Limit Switch,CM49,11-043-A1,"Manifold, Suction"
ET200SP_FWD,6,DI 16x24VDC ST_6,11,315,%I41.2,Healthy,CM49,11-043-A1,"Manifold, Suction"
ET200SP_FWD,6,DI 16x24VDC ST_6,12,316,%I41.3,Local/Remote,CM49,11-043-A1,"Manifold, Suction"
ET200SP_FWD,6,DI 16x24VDC ST_6,13,317,%I41.4,Open Limit Switch,CM61,11-043-A2,"Manifold, Suction"
ET200SP_FWD,6,DI 16x24VDC ST_6,14,318,%I41.5,Closed Limit Switch,CM61,11-043-A2,"Manifold, Suction"
ET200SP_FWD,6,DI 16x24VDC ST_6,15,319,%I41.6,Healthy,CM61,11-043-A2,"Manifold, Suction"
ET200SP_FWD,6,DI 16x24VDC ST_6,16,320,%I41.7,Local/Remote,CM61,11-043-A2,"Manifold, Suction"
ET200SP_FWD,7,DI 16x24VDC ST_7,1,321,%I42.0,Open Limit Switch,CM62,11-041-A2,"TK4 Wing P, Filling"
ET200SP_FWD,7,DI 16x24VDC ST_7,2,322,%I42.1,Closed Limit Switch,CM62,11-041-A2,"TK4 Wing P, Filling"
ET200SP_FWD,7,DI 16x24VDC ST_7,3,323,%I42.2,Healthy,CM62,11-041-A2,"TK4 Wing P, Filling"
ET200SP_FWD,7,DI 16x24VDC ST_7,4,324,%I42.3,Local/Remote,CM62,11-041-A2,"TK4 Wing P, Filling"
ET200SP_FWD,7,DI 16x24VDC ST_7,5,325,%I42.4,Open Limit Switch,CM63,11-039-A1,"TK4 Wing S, Filling"
ET200SP_FWD,7,DI 16x24VDC ST_7,6,326,%I42.5,Closed Limit Switch,CM63,11-039-A1,"TK4 Wing S, Filling"
ET200SP_FWD,7,DI 16x24VDC ST_7,7,327,%I42.6,Healthy,CM63,11-039-A1,"TK4 Wing S, Filling"
ET200SP_FWD,7,DI 16x24VDC ST_7,8,328,%I42.7,Local/Remote,CM63,11-039-A1,"TK4 Wing S, Filling"
ET200SP_FWD,7,DI 16x24VDC ST_7,9,329,%I43.0,Open Limit Switch,CM64,11-040-A1,"Manifold, Suction"
ET200SP_FWD,7,DI 16x24VDC ST_7,10,330,%I43.1,Closed Limit Switch,CM64,11-040-A1,"Manifold, Suction"
ET200SP_FWD,7,DI 16x24VDC ST_7,11,331,%I43.2,Healthy,CM64,11-040-A1,"Manifold, Suction"
ET200SP_FWD,7,DI 16x24VDC ST_7,12,332,%I43.3,Local/Remote,CM64,11-040-A1,"Manifold, Suction"
ET200SP_FWD,7,DI 16x24VDC ST_7,13,333,%I43.4,Open Limit Switch,CM65,11-044-A2,"Manifold, Suction"
ET200SP_FWD,7,DI 16x24VDC ST_7,14,334,%I43.5,Closed Limit Switch,CM65,11-044-A2,"Manifold, Suction"
ET200SP_FWD,7,DI 16x24VDC ST_7,15,335,%I43.6,Healthy,CM65,11-044-A2,"Manifold, Suction"
ET200SP_FWD,7,DI 16x24VDC ST_7,16,336,%I43.7,Local/Remote,CM65,11-044-A2,"Manifold, Suction"
ET200SP_FWD,8,DI 16x24VDC ST_8,1,337,%I44.0,Open Limit Switch,CM66,11-045-A2,"TK3 DB, Filling"
ET200SP_FWD,8,DI 16x24VDC ST_8,2,338,%I44.1,Closed Limit Switch,CM66,11-045-A2,"TK3 DB, Filling"
ET200SP_FWD,8,DI 16x24VDC ST_8,3,339,%I44.2,Healthy,CM66,11-045-A2,"TK3 DB, Filling"
ET200SP_FWD,8,DI 16x24VDC ST_8,4,340,%I44.3,Local/Remote,CM66,11-045-A2,"TK3 DB, Filling"
ET200SP_FWD,8,DI 16x24VDC ST_8,5,341,%I44.4,Open Limit Switch,CM77,11-014-A1,"Cross line, Isolation"
ET200SP_FWD,8,DI 16x24VDC ST_8,6,342,%I44.5,Closed Limit Switch,CM77,11-014-A1,"Cross line, Isolation"
ET200SP_FWD,8,DI 16x24VDC ST_8,7,343,%I44.6,Healthy,CM77,11-014-A1,"Cross line, Isolation"
ET200SP_FWD,8,DI 16x24VDC ST_8,8,344,%I44.7,Local/Remote,CM77,11-014-A1,"Cross line, Isolation"
ET200SP_FWD,8,DI 16x24VDC ST_8,9,345,%I45.0,Open Limit Switch,CM86,11-063-A1,"Cross-over manifold, Isolation"
ET200SP_FWD,8,DI 16x24VDC ST_8,10,346,%I45.1,Closed Limit Switch,CM86,11-063-A1,"Cross-over manifold, Isolation"
ET200SP_FWD,8,DI 16x24VDC ST_8,11,347,%I45.2,Healthy,CM86,11-063-A1,"Cross-over manifold, Isolation"
ET200SP_FWD,8,DI 16x24VDC ST_8,12,348,%I45.3,Local/Remote,CM86,11-063-A1,"Cross-over manifold, Isolation"
ET200SP_FWD,8,DI 16x24VDC ST_8,13,349,%I45.4,Open Limit Switch,CM87,11-064-A1,"Cross-over manifold, Isolation"
ET200SP_FWD,8,DI 16x24VDC ST_8,14,350,%I45.5,Closed Limit Switch,CM87,11-064-A1,"Cross-over manifold, Isolation"
ET200SP_FWD,8,DI 16x24VDC ST_8,15,351,%I45.6,Healthy,CM87,11-064-A1,"Cross-over manifold, Isolation"
ET200SP_FWD,8,DI 16x24VDC ST_8,16,352,%I45.7,Local/Remote,CM87,11-064-A1,"Cross-over manifold, Isolation"
ET200SP_FWD,9,DI 16x24VDC ST_9,1,353,%I46.0,Open Limit Switch,CM88,11-065-A1,"Cross-over manifold, Isolation"
ET200SP_FWD,9,DI 16x24VDC ST_9,2,354,%I46.1,Closed Limit Switch,CM88,11-065-A1,"Cross-over manifold, Isolation"
ET200SP_FWD,9,DI 16x24VDC ST_9,3,355,%I46.2,Healthy,CM88,11-065-A1,"Cross-over manifold, Isolation"
ET200SP_FWD,9,DI 16x24VDC ST_9,4,356,%I46.3,Local/Remote,CM88,11-065-A1,"Cross-over manifold, Isolation"
ET200SP_FWD,9,DI 16x24VDC ST_9,5,357,%I46.4,Open Limit Switch,CM89,11-066-A1,", "
ET200SP_FWD,9,DI 16x24VDC ST_9,6,358,%I46.5,Closed Limit Switch,CM89,11-066-A1,", "
ET200SP_FWD,9,DI 16x24VDC ST_9,7,359,%I46.6,Healthy,CM89,11-066-A1,", "
ET200SP_FWD,9,DI 16x24VDC ST_9,8,360,%I46.7,Local/Remote,CM89,11-066-A1,", "
ET200SP_FWD,9,DI 16x24VDC ST_9,9,361,%I47.0,Open Limit Switch,CM90,11-067-A1,"Cross-over manifold, Isolation"
ET200SP_FWD,9,DI 16x24VDC ST_9,10,362,%I47.1,Closed Limit Switch,CM90,11-067-A1,"Cross-over manifold, Isolation"
ET200SP_FWD,9,DI 16x24VDC ST_9,11,363,%I47.2,Healthy,CM90,11-067-A1,"Cross-over manifold, Isolation"
ET200SP_FWD,9,DI 16x24VDC ST_9,12,364,%I47.3,Local/Remote,CM90,11-067-A1,"Cross-over manifold, Isolation"
ET200SP_FWD,9,DI 16x24VDC ST_9,13,365,%I47.4,SPARE / UNUSED,,,
ET200SP_FWD,9,DI 16x24VDC ST_9,14,366,%I47.5,SPARE / UNUSED,,,
ET200SP_FWD,9,DI 16x24VDC ST_9,15,367,%I47.6,SPARE / UNUSED,,,
ET200SP_FWD,9,DI 16x24VDC ST_9,16,368,%I47.7,SPARE / UNUSED,,,
ET200SP_FWD,10,DQ 16x24VDC/0.5A ST_1,1,129,%Q18.0,Open Command,CM27,11-030-A1,"TK6 High P, Filling"
ET200SP_FWD,10,DQ 16x24VDC/0.5A ST_1,2,130,%Q18.1,Close Command,CM27,11-030-A1,"TK6 High P, Filling"
ET200SP_FWD,10,DQ 16x24VDC/0.5A ST_1,3,131,%Q18.2,Open Command,CM28,11-031-A1,"Manifold, Suction"
ET200SP_FWD,10,DQ 16x24VDC/0.5A ST_1,4,132,%Q18.3,Close Command,CM28,11-031-A1,"Manifold, Suction"
ET200SP_FWD,10,DQ 16x24VDC/0.5A ST_1,5,133,%Q18.4,Open Command,CM29,11-032-A1,"Manifold, Suction"
ET200SP_FWD,10,DQ 16x24VDC/0.5A ST_1,6,134,%Q18.5,Close Command,CM29,11-032-A1,"Manifold, Suction"
ET200SP_FWD,10,DQ 16x24VDC/0.5A ST_1,7,135,%Q18.6,Open Command,CM30,11-033-A1,"TK5 Wing P, Filling"
ET200SP_FWD,10,DQ 16x24VDC/0.5A ST_1,8,136,%Q18.7,Close Command,CM30,11-033-A1,"TK5 Wing P, Filling"
ET200SP_FWD,10,DQ 16x24VDC/0.5A ST_1,9,137,%Q19.0,Open Command,CM31,11-034-A2,"TK4 DB, Filling"
ET200SP_FWD,10,DQ 16x24VDC/0.5A ST_1,10,138,%Q19.1,Close Command,CM31,11-034-A2,"TK4 DB, Filling"
ET200SP_FWD,10,DQ 16x24VDC/0.5A ST_1,11,139,%Q19.2,Open Command,CM32,11-035-A1,"Manifold, Suction"
ET200SP_FWD,10,DQ 16x24VDC/0.5A ST_1,12,140,%Q19.3,Close Command,CM32,11-035-A1,"Manifold, Suction"
ET200SP_FWD,10,DQ 16x24VDC/0.5A ST_1,13,141,%Q19.4,Open Command,CM33,11-036-A1,"TK5 DB P, Filling"
ET200SP_FWD,10,DQ 16x24VDC/0.5A ST_1,14,142,%Q19.5,Close Command,CM33,11-036-A1,"TK5 DB P, Filling"
ET200SP_FWD,10,DQ 16x24VDC/0.5A ST_1,15,143,%Q19.6,Open Command,CM34,11-037-A1,"Manifold, Suction"
ET200SP_FWD,10,DQ 16x24VDC/0.5A ST_1,16,144,%Q19.7,Close Command,CM34,11-037-A1,"Manifold, Suction"
ET200SP_FWD,11,DQ 16x24VDC/0.5A ST_2,1,145,%Q20.0,Open Command,CM35,11-046-A1,"TK3 Wing S, Filling"
ET200SP_FWD,11,DQ 16x24VDC/0.5A ST_2,2,146,%Q20.1,Close Command,CM35,11-046-A1,"TK3 Wing S, Filling"
ET200SP_FWD,11,DQ 16x24VDC/0.5A ST_2,3,147,%Q20.2,Open Command,CM36,11-047-A2,"Manifold, Suction"
ET200SP_FWD,11,DQ 16x24VDC/0.5A ST_2,4,148,%Q20.3,Close Command,CM36,11-047-A2,"Manifold, Suction"
ET200SP_FWD,11,DQ 16x24VDC/0.5A ST_2,5,149,%Q20.4,Open Command,CM37,11-048-A1,"Manifold, Suction"
ET200SP_FWD,11,DQ 16x24VDC/0.5A ST_2,6,150,%Q20.5,Close Command,CM37,11-048-A1,"Manifold, Suction"
ET200SP_FWD,11,DQ 16x24VDC/0.5A ST_2,7,151,%Q20.6,Open Command,CM38,11-049-A1,"Manifold, Suction"
ET200SP_FWD,11,DQ 16x24VDC/0.5A ST_2,8,152,%Q20.7,Close Command,CM38,11-049-A1,"Manifold, Suction"
ET200SP_FWD,11,DQ 16x24VDC/0.5A ST_2,9,153,%Q21.0,Open Command,CM39,11-050-A1,"TK2 Wing P, Filling"
ET200SP_FWD,11,DQ 16x24VDC/0.5A ST_2,10,154,%Q21.1,Close Command,CM39,11-050-A1,"TK2 Wing P, Filling"
ET200SP_FWD,11,DQ 16x24VDC/0.5A ST_2,11,155,%Q21.2,Open Command,CM40,11-051-A1,"TK1 DB C, Filling"
ET200SP_FWD,11,DQ 16x24VDC/0.5A ST_2,12,156,%Q21.3,Close Command,CM40,11-051-A1,"TK1 DB C, Filling"
ET200SP_FWD,11,DQ 16x24VDC/0.5A ST_2,13,157,%Q21.4,Open Command,CM41,11-052-A1,"Main line, Isolation"
ET200SP_FWD,11,DQ 16x24VDC/0.5A ST_2,14,158,%Q21.5,Close Command,CM41,11-052-A1,"Main line, Isolation"
ET200SP_FWD,11,DQ 16x24VDC/0.5A ST_2,15,159,%Q21.6,Open Command,CM42,11-053-A1,"TK2 High C, Filling"
ET200SP_FWD,11,DQ 16x24VDC/0.5A ST_2,16,160,%Q21.7,Close Command,CM42,11-053-A1,"TK2 High C, Filling"
ET200SP_FWD,12,DQ 16x24VDC/0.5A ST_3,1,161,%Q22.0,Open Command,CM43,11-054-A2,"Main line, Isolation"
ET200SP_FWD,12,DQ 16x24VDC/0.5A ST_3,2,162,%Q22.1,Close Command,CM43,11-054-A2,"Main line, Isolation"
ET200SP_FWD,12,DQ 16x24VDC/0.5A ST_3,3,163,%Q22.2,Open Command,CM44,11-055-A1,"TK2 Wing S, Filling"
ET200SP_FWD,12,DQ 16x24VDC/0.5A ST_3,4,164,%Q22.3,Close Command,CM44,11-055-A1,"TK2 Wing S, Filling"
ET200SP_FWD,12,DQ 16x24VDC/0.5A ST_3,5,165,%Q22.4,Open Command,CM45,11-056-A1,"Fwd peak, Filling"
ET200SP_FWD,12,DQ 16x24VDC/0.5A ST_3,6,166,%Q22.5,Close Command,CM45,11-056-A1,"Fwd peak, Filling"
ET200SP_FWD,12,DQ 16x24VDC/0.5A ST_3,7,167,%Q22.6,Open Command,CM46,11-057-A1,"Main line, Isolation"
ET200SP_FWD,12,DQ 16x24VDC/0.5A ST_3,8,168,%Q22.7,Close Command,CM46,11-057-A1,"Main line, Isolation"
ET200SP_FWD,12,DQ 16x24VDC/0.5A ST_3,9,169,%Q23.0,Open Command,CM47,11-058-A1,"Fwd peak, Filling"
ET200SP_FWD,12,DQ 16x24VDC/0.5A ST_3,10,170,%Q23.1,Close Command,CM47,11-058-A1,"Fwd peak, Filling"
ET200SP_FWD,12,DQ 16x24VDC/0.5A ST_3,11,171,%Q23.2,Open Command,CM48,11-042-A1,"TK3 Wing P, Filling"
ET200SP_FWD,12,DQ 16x24VDC/0.5A ST_3,12,172,%Q23.3,Close Command,CM48,11-042-A1,"TK3 Wing P, Filling"
ET200SP_FWD,12,DQ 16x24VDC/0.5A ST_3,13,173,%Q23.4,Open Command,CM49,11-043-A1,"Manifold, Suction"
ET200SP_FWD,12,DQ 16x24VDC/0.5A ST_3,14,174,%Q23.5,Close Command,CM49,11-043-A1,"Manifold, Suction"
ET200SP_FWD,12,DQ 16x24VDC/0.5A ST_3,15,175,%Q23.6,Open Command,CM61,11-043-A2,"Manifold, Suction"
ET200SP_FWD,12,DQ 16x24VDC/0.5A ST_3,16,176,%Q23.7,Close Command,CM61,11-043-A2,"Manifold, Suction"
ET200SP_FWD,13,DQ 16x24VDC/0.5A ST_4,1,177,%Q24.0,Open Command,CM62,11-041-A2,"TK4 Wing P, Filling"
ET200SP_FWD,13,DQ 16x24VDC/0.5A ST_4,2,178,%Q24.1,Close Command,CM62,11-041-A2,"TK4 Wing P, Filling"
ET200SP_FWD,13,DQ 16x24VDC/0.5A ST_4,3,179,%Q24.2,Open Command,CM63,11-039-A1,"TK4 Wing S, Filling"
ET200SP_FWD,13,DQ 16x24VDC/0.5A ST_4,4,180,%Q24.3,Close Command,CM63,11-039-A1,"TK4 Wing S, Filling"
ET200SP_FWD,13,DQ 16x24VDC/0.5A ST_4,5,181,%Q24.4,Open Command,CM64,11-040-A1,"Manifold, Suction"
ET200SP_FWD,13,DQ 16x24VDC/0.5A ST_4,6,182,%Q24.5,Close Command,CM64,11-040-A1,"Manifold, Suction"
ET200SP_FWD,13,DQ 16x24VDC/0.5A ST_4,7,183,%Q24.6,Open Command,CM65,11-044-A2,"Manifold, Suction"
ET200SP_FWD,13,DQ 16x24VDC/0.5A ST_4,8,184,%Q24.7,Close Command,CM65,11-044-A2,"Manifold, Suction"
ET200SP_FWD,13,DQ 16x24VDC/0.5A ST_4,9,185,%Q25.0,Open Command,CM66,11-045-A2,"TK3 DB, Filling"
ET200SP_FWD,13,DQ 16x24VDC/0.5A ST_4,10,186,%Q25.1,Close Command,CM66,11-045-A2,"TK3 DB, Filling"
ET200SP_FWD,13,DQ 16x24VDC/0.5A ST_4,11,187,%Q25.2,Open Command,CM77,11-014-A1,"Cross line, Isolation"
ET200SP_FWD,13,DQ 16x24VDC/0.5A ST_4,12,188,%Q25.3,Close Command,CM77,11-014-A1,"Cross line, Isolation"
ET200SP_FWD,13,DQ 16x24VDC/0.5A ST_4,13,189,%Q25.4,Open Command,CM86,11-063-A1,"Cross-over manifold, Isolation"
ET200SP_FWD,13,DQ 16x24VDC/0.5A ST_4,14,190,%Q25.5,Close Command,CM86,11-063-A1,"Cross-over manifold, Isolation"
ET200SP_FWD,13,DQ 16x24VDC/0.5A ST_4,15,191,%Q25.6,Open Command,CM87,11-064-A1,"Cross-over manifold, Isolation"
ET200SP_FWD,13,DQ 16x24VDC/0.5A ST_4,16,192,%Q25.7,Close Command,CM87,11-064-A1,"Cross-over manifold, Isolation"
ET200SP_FWD,14,DQ 16x24VDC/0.5A ST_5,1,193,%Q26.0,Open Command,CM88,11-065-A1,"Cross-over manifold, Isolation"
ET200SP_FWD,14,DQ 16x24VDC/0.5A ST_5,2,194,%Q26.1,Close Command,CM88,11-065-A1,"Cross-over manifold, Isolation"
ET200SP_FWD,14,DQ 16x24VDC/0.5A ST_5,3,195,%Q26.2,Open Command,CM89,11-066-A1,", "
ET200SP_FWD,14,DQ 16x24VDC/0.5A ST_5,4,196,%Q26.3,Close Command,CM89,11-066-A1,", "
ET200SP_FWD,14,DQ 16x24VDC/0.5A ST_5,5,197,%Q26.4,Open Command,CM90,11-067-A1,"Cross-over manifold, Isolation"
ET200SP_FWD,14,DQ 16x24VDC/0.5A ST_5,6,198,%Q26.5,Close Command,CM90,11-067-A1,"Cross-over manifold, Isolation"
ET200SP_FWD,14,DQ 16x24VDC/0.5A ST_5,7,199,%Q26.6,SPARE / UNUSED,,,
ET200SP_FWD,14,DQ 16x24VDC/0.5A ST_5,8,200,%Q26.7,SPARE / UNUSED,,,
ET200SP_FWD,14,DQ 16x24VDC/0.5A ST_5,9,201,%Q27.0,SPARE / UNUSED,,,
ET200SP_FWD,14,DQ 16x24VDC/0.5A ST_5,10,202,%Q27.1,SPARE / UNUSED,,,
ET200SP_FWD,14,DQ 16x24VDC/0.5A ST_5,11,203,%Q27.2,SPARE / UNUSED,,,
ET200SP_FWD,14,DQ 16x24VDC/0.5A ST_5,12,204,%Q27.3,SPARE / UNUSED,,,
ET200SP_FWD,14,DQ 16x24VDC/0.5A ST_5,13,205,%Q27.4,SPARE / UNUSED,,,
ET200SP_FWD,14,DQ 16x24VDC/0.5A ST_5,14,206,%Q27.5,SPARE / UNUSED,,,
ET200SP_FWD,14,DQ 16x24VDC/0.5A ST_5,15,207,%Q27.6,SPARE / UNUSED,,,
ET200SP_FWD,14,DQ 16x24VDC/0.5A ST_5,16,208,%Q27.7,SPARE / UNUSED,,,
